Sofia Edwards,happylion170,sofia.edwards@example.com,(346)-051-9141,Upper Hutt,New Zealand
Edna Hanson,beautifuldog667,edna.hanson@example.com,(668) 794-4219,Gresham,United States
Alfredo Krauß,blackmouse738,alfredo.krauss@example.com,0893-8214916,Wetzlar,Germany
Vincent Edwards,orangerabbit891,vincent.edwards@example.com,(542)-800-1629,Hastings,New Zealand
Judy Scott,purplefish111,judy.scott@example.com,051-689-4923,Carrick-on-Shannon,Ireland
Fiona Joly,silverbird384,fiona.joly@example.com,079 852 75 30,Merenschwand,Switzerland
Thea Christiansen,sadbear654,thea.christiansen@example.com,81397005,Askeby,Denmark
Vera Stepanović,angrygoose755,vera.stepanovic@example.com,029-9202-472,Surdulica,Serbia
Pulheriya Karasik,whiteelephant197,pulheriya.karasik@example.com,(068) V72-1431,Izyum,Ukraine
عسل مرادی,ticklishzebra680,aasl.mrdy@example.com,006-35177102,شهریار,Iran
Frederic Ponsen,tinyswan717,frederic.ponsen@example.com,None,Silvolde,Netherlands
Zeynep Martinez,whitesnake633,zeynep.martinez@example.com,076 868 10 84,Bottens,Switzerland
Archer Lewis,ticklishrabbit974,archer.lewis@example.com,None,Masterton,New Zealand
Helena None,blackcat966,helena.goncalves@example.com,None,None,Brazil
Mallika Padmanabha,blacktiger414,mallika.padmanabha@example.com,9848318282,Jamnagar,India
Stanislava None,sadzebra710,stanislava.lapcevic@example.com,013-9456-532,None,Serbia
Elias Ruona,redpeacock803,elias.ruona@example.com,05-508-103,Rautalampi,Finland
Joel Heikkila,lazytiger121,joel.heikkila@example.com,05-278-835,Ikaalinen,Finland
Fidel Amador,tinylion521,fidel.amador@example.com,None,Tacotalpa,Mexico
Marion Bertrand,bluetiger168,marion.bertrand@example.com,04-29-75-00-18,None,France
